<?xml version="1.0" encoding="UTF-8"?>
<project-private xmlns="http://www.netbeans.org/ns/project-private/1">
    <editor-bookmarks xmlns="http://www.netbeans.org/ns/editor-bookmarks/2" lastBookmarkId="1"/>
    <open-files xmlns="http://www.netbeans.org/ns/projectui-open-files/2">
        <group>
            <file>file:/C:/xampp/htdocs/PY2/app/Actividad/Contrato.inc.php</file>
            <file>file:/C:/xampp/htdocs/PY2/index.php</file>
            <file>file:/C:/xampp/htdocs/PY2/Main/Actividades/RegisterActividades.php</file>
            <file>file:/C:/xampp/htdocs/PY2/Main/Actividades/ActividadesCliente.php</file>
            <file>file:/C:/xampp/htdocs/PY2/plantillas/User/InfoCuentaEmptyForm.inc.php</file>
            <file>file:/C:/xampp/htdocs/PY2/app/Actividad/ActividadRepo.inc.php</file>
            <file>file:/C:/xampp/htdocs/PY2/Main/Actividades/VistaActividadesC.php</file>
        </group>
    </open-files>
</project-private>
