<?xml version="1.0" encoding="UTF-8"?>
<project-private xmlns="http://www.netbeans.org/ns/project-private/1">
    <editor-bookmarks xmlns="http://www.netbeans.org/ns/editor-bookmarks/2" lastBookmarkId="0"/>
    <open-files xmlns="http://www.netbeans.org/ns/projectui-open-files/2">
        <group>
            <file>file:/C:/xampp/htdocs/PY2/app/Habitaciones/Habitacion.inc.php</file>
            <file>file:/C:/xampp/htdocs/PY2/app/Habitaciones/RegisterHabitacionVal.inc.php</file>
            <file>file:/C:/xampp/htdocs/PY2/index.php</file>
            <file>file:/C:/xampp/htdocs/PY2/Main/Habitaciones/Habitaciones.php</file>
            <file>file:/C:/xampp/htdocs/PY2/Main/Habitaciones/RegisterHabitacionTipo.php</file>
            <file>file:/C:/xampp/htdocs/PY2/app/Habitaciones/HabitacionRepo.inc.php</file>
        </group>
    </open-files>
</project-private>
